url,status,method,files
https://atandra.in/logos/mahindra.png,not-found,,
https://atandra.in/logos/64a285c0af324ae978642deb_Zepto.png,not-found,,
https://atandra.in/logos/tata-motors.png,not-found,,
https://images.unsplash.com/photo-1581092921461-eab62e97a780?auto=format&fit=crop&w=1920&q=80,updated-via-renderer,found in metadata; rendering component applies dimensions,dist\assets\index-D9pgDQwX.js|string|w=0|h=0;dist\ssr\entry-server.js|string|w=0|h=0;dist.bak\assets\index-D8C91Piw.js|string|w=0|h=0;dist.bak\ssr\entry-server.js|string|w=0|h=0;src\components\HeroAtandra.tsx|string|w=0|h=0
https://atandra.in/logos/logo-tvs-motor-.png,not-found,,
https://atandra.in/logos/mrf.png,not-found,,
https://atandra.in/logos/Bajaj-Logo.png,not-found,,
https://atandra.in/logos/1024px-Adani_2012_logo.png,not-found,,
https://atandra.in/logos/kcp-sugar-and-indust--600.png,not-found,,
https://atandra.in/logos/2560px-Saint-Gobain_logo.svg.png,not-found,,
https://atandra.in/logos/1200px-Indian_Space_Research_Organisation_Logo.svg.png,not-found,,
https://atandra.in/logos/Lifestyle_Stores_-_New.jpg,not-found,,
https://atandra.in/logos/Kfc_logo.png,not-found,,
https://atandra.in/logos/Larsen__Toubro_png.jpg,not-found,,
https://atandra.in/logo.png,not-found,,
https://atandra.in/logos/v-mart.png,not-found,,
https://atandra.in/logos/k-oil-engines-logo.png,not-found,,
https://atandra.in/logos/tata-coffee.png,not-found,,
https://atandra.in/logos/Indian_Oil_Corporation-Logo.wine.png,not-found,,
https://atandra.in/logos/blue-star-limited-logo-vector.png,not-found,,
https://atandra.in/logos/autoprint-logo-high-res-520.png,not-found,,
https://atandra.in/unnamed.png,not-found,,
https://atandra.in/logos/Newlord_Logo.png,not-found,,
https://atandra.in/logos/logo_ttk.png,not-found,,
https://atandra.in/logos/Fujifilm-logo.png,not-found,,
https://atandra.in/logos/2492px-BHEL_logo.svg.png,not-found,,
https://atandra.in/logos/honda.png,not-found,,
https://atandra.in/logos/Michelin_Logo_1997.png,not-found,,
https://atandra.in/logos/asian-paints-1.png,not-found,,
https://atandra.in/logos/1200px-Amul_official_logo.svg.png,not-found,,
https://atandra.in/logos/2560px-Godrej_Logo.svg.png,not-found,,
https://atandra.in/logos/1200px-Escorts_Group.svg.png,not-found,,
https://atandra.in/logos/1200px-Wipro_Primary_Logo_Color_RGB.svg.png,not-found,,
https://atandra.in/logos/2560px-Axis_Bank_logo.svg.png,not-found,,
https://atandra.in/logos/itc.png,not-found,,
https://atandra.in/logos/icic.png,not-found,,
https://atandra.in/logos/britannia-logo-brandlogos.net_.png,not-found,,
https://atandra.in/logos/HCL_Technologies-Logo.wine.png,not-found,,
https://atandra.in/logos/kotak_mahindra_bank.png,not-found,,
https://atandra.in/logos/RBL.NS-5c0ffcf8.png,not-found,,
https://atandra.in/logos/800px-Aavin_dairy_logo.svg.png,not-found,,
https://atandra.in/logos/Jubilant_FoodWorks.png,not-found,,
https://atandra.in/logos/jsw-steel-vector-logo.png,not-found,,
https://atandra.in/logos/google_PNG19644.png,not-found,,
https://atandra.in/logos/volvo.png,not-found,,
https://atandra.in/earth%20testers/CA%206471.png,not-found,,
https://atandra.in/clammeter/F404.png,not-found,,
https://atandra.in/clammeter/F404%20-2.png,not-found,,
https://atandra.in/clammeter/F604.png,not-found,,
https://atandra.in/MTX-203-02.jpg,not-found,,
https://atandra.in/multimeter/MTX%20203.png,not-found,,
https://atandra.in/TCC-3151-overview-01-01.png,not-found,,
https://atandra.in/TCC-3151-inside-01-01.png,not-found,,
https://atandra.in/DMM-240-01.png,not-found,,
https://atandra.in/TC4360-inside-01-01.png,not-found,,
https://atandra.in/TC4360-overview-01-01.png,not-found,,
https://atandra.in/TC3660-inside-01-01.png,not-found,,
https://atandra.in/Overview-image-3660-01-01.png,not-found,,
https://atandra.in/UPS_usecases/4.png,not-found,,
https://atandra.in/UPS_usecases/2.png,not-found,,
https://atandra.in/background_images/ups.png,updated-via-renderer,found in metadata; rendering component applies dimensions,dist\protect\ups.html|string|w=0|h=0
https://atandra.in/UPS_usecases/3.png,not-found,,
https://atandra.in/UPS/2__1_-removebg-preview.png,updated-via-renderer,found in metadata; rendering component applies dimensions,dist\protect\ups.html|string|w=0|h=0;dist.bak\protect\ups.html|string|w=0|h=0
https://atandra.in/UPS_usecases/5.png,not-found,,
https://atandra.in/ox9102-03.png,not-found,,
https://atandra.in/UPS_usecases/6.png,not-found,,
"https://atandra.in/oscillosacopes%20old/OX%205042%20,%20OX%205022.png",not-found,,
https://atandra.in/mtx3291_2-01.png,not-found,,
https://atandra.in/oscillosacopes%20old/OX%209062-2.png,not-found,,
https://atandra.in/Static_stabilizers/W_5-removebg-preview.png,updated-via-renderer,found in metadata; rendering component applies dimensions,dist\assets\index-D9pgDQwX.js|string|w=0|h=0;dist\protect\static-stabilizers.html|string|w=0|h=0;dist\protect\static-stabilizers\product\static-voltage-stabilizer.html|string|w=0|h=0;dist\protect\static-stabilizers\product\three-phase-static-voltage-regulator.html|string|w=0|h=0;dist\ssr\entry-server.js|string|w=0|h=0;dist.bak\assets\index-D8C91Piw.js|string|w=0|h=0;dist.bak\protect\static-stabilizers.html|string|w=0|h=0;dist.bak\protect\static-stabilizers\product\static-voltage-stabilizer.html|string|w=0|h=0;dist.bak\protect\static-stabilizers\product\three-phase-static-voltage-regulator.html|string|w=0|h=0;dist.bak\ssr\entry-server.js|string|w=0|h=0;src\pages\protect\productpages\Staticstabilizersproduct.tsx|string|w=0|h=0
https://atandra.in/Static_stabilizers/B_3-removebg-preview.png,updated-via-renderer,found in metadata; rendering component applies dimensions,dist\protect\static-stabilizers.html|string|w=0|h=0;dist.bak\protect\static-stabilizers.html|string|w=0|h=0
https://atandra.in/ALM-20-inside-02.png,not-found,,
https://atandra.in/Static_stabilizers/G_2-removebg-preview.png,not-found,,
https://atandra.in/ALM-20-inside-01.png,not-found,,
https://atandra.in/DiGi530S-H-01.png,updated-via-renderer,found in metadata; rendering component applies dimensions,dist\measure\multi-functional-meters\product\digi530.html|string|w=0|h=0;dist.bak\measure\multi-functional-meters\product\digi530.html|string|w=0|h=0
https://atandra.in/EON-meter-01.png,not-found,,
https://atandra.in/Multifunctional%20meters/Multy_4-removebg-preview.png,not-found,,
https://atandra.in/earth%20testers/CA%206474%20with%20CA%206472.png,not-found,,
https://atandra.in/multifunctionmeter-09.png,updated-via-renderer,found in metadata; rendering component applies dimensions,dist\assets\index-D9pgDQwX.js|string|w=0|h=0;dist\measure\multi-functional-meters.html|string|w=0|h=0;dist\ssr\entry-server.js|string|w=0|h=0;dist.bak\assets\index-D8C91Piw.js|string|w=0|h=0;dist.bak\measure\multi-functional-meters.html|string|w=0|h=0;dist.bak\ssr\entry-server.js|string|w=0|h=0;src\pages\measure\MultiFunctionalMeters.tsx|img-tag|w=0|h=0
https://atandra.in/DiGi760-01.png,updated-via-renderer,found in metadata; rendering component applies dimensions,dist\measure\multi-functional-meters\product\digi760.html|string|w=0|h=0;dist.bak\measure\multi-functional-meters\product\digi760.html|string|w=0|h=0
https://atandra.in/Elecrama/WhatsApp%20Image%202025-04-05%20at%202.29.34%20PM.jpeg,not-found,,
https://atandra.in/IMTOF/WhatsApp%20Image%202025-04-18%20at%205.28.47%20PM%20(1).jpeg,not-found,,
https://atandra.in/Elecrama/WhatsApp%20Image%202025-04-05%20at%202.29.59%20PM.jpeg,not-found,,
https://atandra.in/DUM%20Expo/WhatsApp%20Image%202025-04-18%20at%205.53.55%20PM.jpeg,not-found,,
https://atandra.in/IMS%20Expo/WhatsApp%20Image%202025-04-18%20at%205.50.13%20PM.jpeg,not-found,,
https://atandra.in/Printexpo/WhatsApp%20Image%202025-04-05%20at%201.14.42%20PM.jpeg,not-found,,
https://atandra.in/EPS%20expo/WhatsApp%20Image%202025-04-18%20at%205.16.55%20PM.jpeg,not-found,,
https://atandra.in/Toplast/WhatsApp%20Image%202025-04-18%20at%205.46.30%20PM.jpeg,not-found,,
https://atandra.in/Renewable%20energy/WhatsApp%20Image%202025-04-18%20at%205.21.00%20PM.jpeg,not-found,,
https://atandra.in/UPS/5-removebg-preview.png,updated-via-renderer,found in metadata; rendering component applies dimensions,dist\assets\index-D9pgDQwX.js|string|w=0|h=0;dist\protect\ups.html|string|w=0|h=0;dist\protect\ups\product\eh-31-series.html|string|w=0|h=0;dist\protect\ups\product\eh-33-large-series.html|string|w=0|h=0;dist\ssr\entry-server.js|string|w=0|h=0;dist.bak\assets\index-D8C91Piw.js|string|w=0|h=0;dist.bak\protect\ups.html|string|w=0|h=0;dist.bak\protect\ups\product\eh-31-series.html|string|w=0|h=0;dist.bak\protect\ups\product\eh-33-large-series.html|string|w=0|h=0;dist.bak\ssr\entry-server.js|string|w=0|h=0;src\pages\protect\productpages\EH31SeriesUPS.tsx|string|w=0|h=0;src\pages\protect\productpages\EH33LargeSeriesUPS.tsx|string|w=0|h=0
https://images.unsplash.com/photo-1600880292203-757bb62b4baf?w=600&h=400&fit=crop&auto=format,updated-inline,inline <img> with width & height,dist\assets\index-D9pgDQwX.js|string|w=0|h=0;dist\ssr\entry-server.js|string|w=0|h=0;dist.bak\assets\index-D8C91Piw.js|string|w=0|h=0;dist.bak\ssr\entry-server.js|string|w=0|h=0;src\pages\conserve\OnPremiseSystems.tsx|img-tag|w=1|h=1
https://atandra.in/EON-meter-02-01.png,updated-via-renderer,found in metadata; rendering component applies dimensions,dist\measure\multi-functional-meters\product\eon40.html|string|w=0|h=0;dist.bak\measure\multi-functional-meters\product\eon40.html|string|w=0|h=0
https://atandra.in/EON-meter-03-01.png,not-found,,
https://atandra.in/TCE050-inside-01-01.png,not-found,,
https://atandra.in/conserve_pics/Website%20Pics/g2-3.jpg,not-found,,
https://images.unsplash.com/photo-1460925895917-afdab827c52f?w=800&h=600&fit=crop&auto=format,updated-via-renderer,found in metadata; rendering component applies dimensions,dist\assets\index-D9pgDQwX.js|string|w=0|h=0;dist\ssr\entry-server.js|string|w=0|h=0;dist.bak\assets\index-D8C91Piw.js|string|w=0|h=0;dist.bak\ssr\entry-server.js|string|w=0|h=0;src\pages\conserve\OnPremiseSystems.tsx|string|w=0|h=0
https://atandra.in/conserve_pics/Website%20Pics/G1-3.jpg,not-found,,
https://atandra.in/conserve_pics/Website%20Pics/g2-1.jpg,not-found,,
https://atandra.in/conserve_pics/Website%20Pics/g2-2.jpg,not-found,,
https://images.unsplash.com/photo-1551434678-e076c223a692?w=600&h=400&fit=crop&auto=format,updated-inline,inline <img> with width & height,dist\assets\index-D9pgDQwX.js|string|w=0|h=0;dist\ssr\entry-server.js|string|w=0|h=0;dist.bak\assets\index-D8C91Piw.js|string|w=0|h=0;dist.bak\ssr\entry-server.js|string|w=0|h=0;src\pages\conserve\EnergyAudits.tsx|img-tag|w=1|h=1
https://atandra.in/conserve_pics/Website%20Pics/G1-2.jpg,not-found,,
https://atandra.in/conserve_pics/Website%20Pics/G1-1.jpg,not-found,,
https://atandra.in/Tenant%20Billing/2%20Dashboard.png,not-found,,
https://atandra.in/TC-7660-inside-02-01-01.png,not-found,,
https://atandra.in/TCC-762K-inside-01-01-01.png,not-found,,
https://atandra.in/TC4460-insde-01-01-01.png,not-found,,
https://atandra.in/TC4460-overview-01-01.png,not-found,,
https://atandra.in/ALM-31-inside-02.png,not-found,,
https://atandra.in/ALM-31-inside-01.png,not-found,,
https://atandra.in/clammeter/F607.png,not-found,,
https://atandra.in/clammeter/f407_f962_1-01.png,not-found,,
https://atandra.in/ca6528_01-01.png,not-found,,
https://atandra.in/F-65-2.png,not-found,,
https://atandra.in/ALM_36_inside-02.png,not-found,,
https://atandra.in/alm36.png,not-found,,
https://atandra.in/multimeter/MTX%203291.png,not-found,,
https://atandra.in/multimeter/F65.png,updated-via-renderer,found in metadata; rendering component applies dimensions,dist\measure\digital-multimeters.html|string|w=0|h=0;dist\measure\digital-multimeters\product\f65.html|string|w=0|h=0;dist.bak\measure\digital-multimeters.html|string|w=0|h=0;dist.bak\measure\digital-multimeters\product\f65.html|string|w=0|h=0
https://atandra.in/MTX-203-01.png,updated-via-renderer,found in metadata; rendering component applies dimensions,dist\measure\digital-multimeters.html|string|w=0|h=0;dist.bak\measure\digital-multimeters.html|string|w=0|h=0
https://atandra.in/DMM-210.png,updated-via-renderer,found in metadata; rendering component applies dimensions,dist\measure\digital-multimeters.html|string|w=0|h=0
https://atandra.in/multimeter/DMM%20240.png,not-found,,
https://atandra.in/ca5292-2-01.png,not-found,,
https://atandra.in/multimeter/CA%205292.png,not-found,,
https://atandra.in/UPS/SB_6-removebg-preview.png,updated-via-renderer,found in metadata; rendering component applies dimensions,dist\assets\index-D9pgDQwX.js|string|w=0|h=0;dist\protect\ups.html|string|w=0|h=0;dist\protect\ups\product\el-series.html|string|w=0|h=0;dist\ssr\entry-server.js|string|w=0|h=0;dist.bak\assets\index-D8C91Piw.js|string|w=0|h=0;dist.bak\protect\ups.html|string|w=0|h=0;dist.bak\protect\ups\product\el-series.html|string|w=0|h=0;dist.bak\ssr\entry-server.js|string|w=0|h=0;src\pages\protect\productpages\EL\ELBSeriesUPS.tsx|string|w=0|h=0
https://atandra.in/CTs_FamilyImage.png,not-found,,
https://atandra.in/PQA_landing_image1.png,updated-inline,inline <img> with width & height,dist\assets\index-D9pgDQwX.js|string|w=0|h=0;dist\measure\power-quality-analyzers.html|string|w=0|h=0;dist\ssr\entry-server.js|string|w=0|h=0;dist.bak\assets\index-D8C91Piw.js|string|w=0|h=0;dist.bak\measure\power-quality-analyzers.html|string|w=0|h=0;dist.bak\ssr\entry-server.js|string|w=0|h=0;src\pages\measure\powerquality.tsx|img-tag|w=1|h=1
https://atandra.in/alm-36_1-1.png,not-found,,
https://atandra.in/alm20_1.png,not-found,,
https://atandra.in/alm31_10.png,not-found,,
https://atandra.in/DiGi630-01.png,updated-via-renderer,found in metadata; rendering component applies dimensions,dist\measure\multi-functional-meters\product\digi630.html|string|w=0|h=0;dist.bak\measure\multi-functional-meters\product\digi630.html|string|w=0|h=0
https://atandra.in/TC-S030-Overview-01-01.png,not-found,,
https://atandra.in/TC-S030-Inside-01-01.png,not-found,,
https://atandra.in/multimeter/DMM%20210.png,not-found,,
https://atandra.in/DMM210-220-230-03-01.png,not-found,,
https://atandra.in/DMM210-220-230-02-01.png,not-found,,
https://images.unsplash.com/photo-1581091226825-a6a2a5aee158?w=800&h=600&fit=crop&auto=format,updated-inline,inline <img> with width & height,dist\assets\index-D9pgDQwX.js|string|w=0|h=0;dist\ssr\entry-server.js|string|w=0|h=0;dist.bak\assets\index-D8C91Piw.js|string|w=0|h=0;dist.bak\ssr\entry-server.js|string|w=0|h=0;src\pages\conserve\SmartFactorySolution.tsx|img-tag|w=1|h=1
https://atandra.in/DMM210-220-230-01.png,not-found,,
https://atandra.in/UPS/1-removebg-preview.png,updated-via-renderer,found in metadata; rendering component applies dimensions,dist\assets\index-D9pgDQwX.js|string|w=0|h=0;dist\protect\ups.html|string|w=0|h=0;dist\protect\ups\product\hx-series.html|string|w=0|h=0;dist\ssr\entry-server.js|string|w=0|h=0;dist.bak\assets\index-D8C91Piw.js|string|w=0|h=0;dist.bak\protect\ups.html|string|w=0|h=0;dist.bak\protect\ups\product\hx-series.html|string|w=0|h=0;dist.bak\ssr\entry-server.js|string|w=0|h=0;src\pages\protect\productpages\HXSeriesUPS.tsx|string|w=0|h=0
https://atandra.in/Tester-02.png,updated-via-renderer,found in metadata; rendering component applies dimensions,dist\measure\installation-testers.html|string|w=0|h=0
https://atandra.in/Cantier-MES-X.0-Product-Circle.png,not-found,,
https://atandra.in/earth-loop-tester.png,updated-via-renderer,found in metadata; rendering component applies dimensions,dist\measure\earth-loop-testers.html|string|w=0|h=0
https://atandra.in/earth_loop_testers/CA%206418.png,not-found,,
https://atandra.in/VF1.png,not-found,,
https://atandra.in/earth_loop_testers/CA%206417.png,not-found,,
https://atandra.in/UPS/6-removebg-preview.png,updated-via-renderer,found in metadata; rendering component applies dimensions,dist\assets\index-D9pgDQwX.js|string|w=0|h=0;dist\protect\ups.html|string|w=0|h=0;dist\protect\ups\product\eh-33-small-series.html|string|w=0|h=0;dist\ssr\entry-server.js|string|w=0|h=0;dist.bak\assets\index-D8C91Piw.js|string|w=0|h=0;dist.bak\protect\ups.html|string|w=0|h=0;dist.bak\protect\ups\product\eh-33-small-series.html|string|w=0|h=0;dist.bak\ssr\entry-server.js|string|w=0|h=0;src\pages\protect\productpages\EH33SmallSeriesUPS.tsx|string|w=0|h=0
https://atandra.in/TC-7460-overview-01.png,updated-via-renderer,found in metadata; rendering component applies dimensions,dist\measure\thermal-imagers.html|string|w=0|h=0;dist\measure\thermal-imagers\product\tcc-7460.html|string|w=0|h=0;dist.bak\measure\thermal-imagers.html|string|w=0|h=0;dist.bak\measure\thermal-imagers\product\tcc-7460.html|string|w=0|h=0
https://atandra.in/ca8345_qualistar_g.png,not-found,,
https://atandra.in/ca8345_qualistar_f.png,not-found,,
https://atandra.in/TC4360-overview-01.png,updated-via-renderer,found in metadata; rendering component applies dimensions,dist\measure\thermal-imagers.html|string|w=0|h=0;dist\measure\thermal-imagers\product\tc-4360.html|string|w=0|h=0;dist.bak\measure\thermal-imagers.html|string|w=0|h=0;dist.bak\measure\thermal-imagers\product\tc-4360.html|string|w=0|h=0
https://atandra.in/TC-3360-overview-01.png,updated-via-renderer,found in metadata; rendering component applies dimensions,dist\measure\thermal-imagers.html|string|w=0|h=0;dist\measure\thermal-imagers\product\tc-3360.html|string|w=0|h=0;dist.bak\measure\thermal-imagers.html|string|w=0|h=0;dist.bak\measure\thermal-imagers\product\tc-3360.html|string|w=0|h=0
https://atandra.in/TC-S030-Overview-01.png,updated-via-renderer,found in metadata; rendering component applies dimensions,dist\measure\thermal-imagers.html|string|w=0|h=0;dist\measure\thermal-imagers\product\tc-s030.html|string|w=0|h=0;dist.bak\measure\thermal-imagers.html|string|w=0|h=0;dist.bak\measure\thermal-imagers\product\tc-s030.html|string|w=0|h=0
https://atandra.in/Overview-image-3660-01.png,updated-via-renderer,found in metadata; rendering component applies dimensions,dist\measure\thermal-imagers.html|string|w=0|h=0;dist\measure\thermal-imagers\product\tc-3660.html|string|w=0|h=0;dist.bak\measure\thermal-imagers.html|string|w=0|h=0;dist.bak\measure\thermal-imagers\product\tc-3660.html|string|w=0|h=0
https://atandra.in/MA250-01.png,updated-via-renderer,found in metadata; rendering component applies dimensions,dist\measure\thermal-imagers.html|string|w=0|h=0;dist\measure\thermal-imagers\product\ma-250.html|string|w=0|h=0;dist.bak\measure\thermal-imagers.html|string|w=0|h=0;dist.bak\measure\thermal-imagers\product\ma-250.html|string|w=0|h=0
https://atandra.in/TC-4660-overview-01.png,updated-via-renderer,found in metadata; rendering component applies dimensions,dist\measure\thermal-imagers.html|string|w=0|h=0;dist\measure\thermal-imagers\product\tc-4660.html|string|w=0|h=0;dist.bak\measure\thermal-imagers.html|string|w=0|h=0;dist.bak\measure\thermal-imagers\product\tc-4660.html|string|w=0|h=0
https://atandra.in/TC-7660-overview-01.png,updated-via-renderer,found in metadata; rendering component applies dimensions,dist\measure\thermal-imagers.html|string|w=0|h=0;dist\measure\thermal-imagers\product\tcc-7660.html|string|w=0|h=0;dist.bak\measure\thermal-imagers.html|string|w=0|h=0;dist.bak\measure\thermal-imagers\product\tcc-7660.html|string|w=0|h=0
https://atandra.in/thermal-measurement/TC-3250.png,updated-via-renderer,found in metadata; rendering component applies dimensions,dist\measure\thermal-imagers.html|string|w=0|h=0;dist\measure\thermal-imagers\product\tc-3250.html|string|w=0|h=0;dist.bak\measure\thermal-imagers.html|string|w=0|h=0;dist.bak\measure\thermal-imagers\product\tc-3250.html|string|w=0|h=0
https://atandra.in/TC4460-overview-01.png,updated-via-renderer,found in metadata; rendering component applies dimensions,dist\measure\thermal-imagers.html|string|w=0|h=0;dist\measure\thermal-imagers\product\tc-4460.html|string|w=0|h=0;dist.bak\measure\thermal-imagers.html|string|w=0|h=0;dist.bak\measure\thermal-imagers\product\tc-4460.html|string|w=0|h=0
https://atandra.in/TCP-360-overview-01.png,updated-via-renderer,found in metadata; rendering component applies dimensions,dist\measure\thermal-imagers.html|string|w=0|h=0;dist\measure\thermal-imagers\product\tc-p360.html|string|w=0|h=0;dist.bak\measure\thermal-imagers.html|string|w=0|h=0;dist.bak\measure\thermal-imagers\product\tc-p360.html|string|w=0|h=0
https://atandra.in/TCS240-overview-01.png,updated-via-renderer,found in metadata; rendering component applies dimensions,dist\measure\thermal-imagers.html|string|w=0|h=0;dist.bak\measure\thermal-imagers.html|string|w=0|h=0
https://atandra.in/TCE050-overview-01-01.png,updated-via-renderer,found in metadata; rendering component applies dimensions,dist\measure\thermal-imagers.html|string|w=0|h=0;dist\measure\thermal-imagers\product\tc-e050.html|string|w=0|h=0;dist.bak\measure\thermal-imagers.html|string|w=0|h=0;dist.bak\measure\thermal-imagers\product\tc-e050.html|string|w=0|h=0
https://atandra.in/TCC-3151-overview-01.png,updated-via-renderer,found in metadata; rendering component applies dimensions,dist\measure\thermal-imagers.html|string|w=0|h=0;dist.bak\measure\thermal-imagers.html|string|w=0|h=0
https://atandra.in/leadearship/Picture11.jpg,not-found,,
https://atandra.in/thermalimager-09.png,updated-via-renderer,found in metadata; rendering component applies dimensions,dist\measure\thermal-imagers.html|string|w=0|h=0
https://atandra.in/leadearship/Picture2.jpg,not-found,,
https://atandra.in/insulation%20testers/CA%206545.png,not-found,,
https://atandra.in/leadearship/Picture13.jpg,not-found,,
https://atandra.in/ca5273.png,updated-via-renderer,found in metadata; rendering component applies dimensions,dist\measure\digital-multimeters.html|string|w=0|h=0;dist\measure\digital-multimeters\product\ca5273.html|string|w=0|h=0;dist.bak\measure\digital-multimeters.html|string|w=0|h=0;dist.bak\measure\digital-multimeters\product\ca5273.html|string|w=0|h=0
https://atandra.in/leadearship/Picture9.jpg,not-found,,
https://atandra.in/leadearship/Picture6.jpg,not-found,,
https://atandra.in/leadearship/Picture14.jpg,not-found,,
https://atandra.in/leadearship/Picture4.jpg,not-found,,
https://atandra.in/leadearship/Picture1.jpg,not-found,,
https://atandra.in/leadearship/Picture12.jpg,not-found,,
https://atandra.in/leadearship/Picture3.jpg,not-found,,
https://atandra.in/leadearship/Picture8.jpg,not-found,,
https://atandra.in/leadearship/Picture5.jpg,not-found,,
https://atandra.in/leadearship/Picture10.jpg,not-found,,
https://atandra.in/leadearship/Picture7.jpg,not-found,,
https://atandra.in/background_images/Service-Locations-India.jpeg,not-found,,
https://atandra.in/Servo_stabilizers/SS_28_-1-removebg-preview.png,updated-via-renderer,found in metadata; rendering component applies dimensions,dist\assets\index-D9pgDQwX.js|string|w=0|h=0;dist\protect\servo-stabilizers.html|string|w=0|h=0;dist\protect\servo-stabilizers\product\three-phase-servo-stabilizer.html|string|w=0|h=0;dist\ssr\entry-server.js|string|w=0|h=0;dist.bak\assets\index-D8C91Piw.js|string|w=0|h=0;dist.bak\protect\servo-stabilizers.html|string|w=0|h=0;dist.bak\protect\servo-stabilizers\product\three-phase-servo-stabilizer.html|string|w=0|h=0;dist.bak\ssr\entry-server.js|string|w=0|h=0;src\pages\protect\productpages\Servostabilizers3phase.tsx|string|w=0|h=0
https://atandra.in/Servo_stabilizers/SS_12_-_1-removebg-preview.png,updated-via-renderer,found in metadata; rendering component applies dimensions,dist\assets\index-D9pgDQwX.js|string|w=0|h=0;dist\protect\servo-stabilizers.html|string|w=0|h=0;dist\protect\servo-stabilizers\product\single-phase-servo-stabilizer.html|string|w=0|h=0;dist\ssr\entry-server.js|string|w=0|h=0;dist.bak\assets\index-D8C91Piw.js|string|w=0|h=0;dist.bak\protect\servo-stabilizers.html|string|w=0|h=0;dist.bak\protect\servo-stabilizers\product\single-phase-servo-stabilizer.html|string|w=0|h=0;dist.bak\ssr\entry-server.js|string|w=0|h=0;src\pages\protect\productpages\Servostabilizersphase1.tsx|string|w=0|h=0
https://atandra.in/leadearship/Picture15.jpg,not-found,,
https://atandra.in/PLm_R90-removebg-preview-01.png,updated-via-renderer,found in metadata; rendering component applies dimensions,dist\measure\multi-functional-meters\product\plmr90.html|string|w=0|h=0;dist.bak\measure\multi-functional-meters\product\plmr90.html|string|w=0|h=0
https://atandra.in/R_91-removebg-preview-01-01.png,updated-via-renderer,found in metadata; rendering component applies dimensions,dist\measure\multi-functional-meters\product\plmr91.html|string|w=0|h=0;dist.bak\measure\multi-functional-meters\product\plmr91.html|string|w=0|h=0
https://atandra.in/installation%20testers/CA%206133-1.png,not-found,,
https://atandra.in/installation%20testers/CA%206133-2.png,not-found,,
https://atandra.in/installation%20testers/ca6133-03.png,not-found,,
https://atandra.in/PLM93-01-01-01.png,updated-via-renderer,found in metadata; rendering component applies dimensions,dist\measure\multi-functional-meters\product\plmr93.html|string|w=0|h=0;dist.bak\measure\multi-functional-meters\product\plmr93.html|string|w=0|h=0
https://atandra.in/UPS/2-removebg-preview.png,updated-via-renderer,found in metadata; rendering component applies dimensions,dist\assets\index-D9pgDQwX.js|string|w=0|h=0;dist\protect\ups.html|string|w=0|h=0;dist\protect\ups\product\sx-series.html|string|w=0|h=0;dist\ssr\entry-server.js|string|w=0|h=0;dist.bak\assets\index-D8C91Piw.js|string|w=0|h=0;dist.bak\protect\ups.html|string|w=0|h=0;dist.bak\protect\ups\product\sx-series.html|string|w=0|h=0;dist.bak\ssr\entry-server.js|string|w=0|h=0;src\pages\protect\productpages\SXSeriesUPS.tsx|string|w=0|h=0
https://atandra.in/DiGi730S-D-01.png,updated-via-renderer,found in metadata; rendering component applies dimensions,dist\measure\multi-functional-meters\product\digi730.html|string|w=0|h=0;dist.bak\measure\multi-functional-meters\product\digi730.html|string|w=0|h=0
https://atandra.in/TC2150-inside-01-01.png,not-found,,
https://atandra.in/TC2150-overview-01-01.png,updated-via-renderer,found in metadata; rendering component applies dimensions,dist\measure\thermal-imagers.html|string|w=0|h=0;dist\measure\thermal-imagers\product\tc-2150.html|string|w=0|h=0;dist.bak\measure\thermal-imagers.html|string|w=0|h=0;dist.bak\measure\thermal-imagers\product\tc-2150.html|string|w=0|h=0
https://atandra.in/TC-3360-overview-01-01.png,not-found,,
https://atandra.in/MN93a-01.png,not-found,,
https://atandra.in/TC-3360-inside-01-01.png,not-found,,
https://atandra.in/UPS/SB4_-_2-removebg-preview.png,updated-via-renderer,found in metadata; rendering component applies dimensions,RENDERING_AND_INDEXING_DOCUMENTATION.md|img-tag|w=0|h=0;dist\assets\index-D9pgDQwX.js|string|w=0|h=0;dist\protect\ups.html|string|w=0|h=0;dist\protect\ups\product\eh-11-series.html|string|w=0|h=0;dist\ssr\entry-server.js|string|w=0|h=0;dist.bak\assets\index-D8C91Piw.js|string|w=0|h=0;dist.bak\protect\ups.html|string|w=0|h=0;dist.bak\protect\ups\product\eh-11-series.html|string|w=0|h=0;dist.bak\ssr\entry-server.js|string|w=0|h=0;src\pages\protect\productpages\EH11SeriesUPS.tsx|string|w=0|h=0
https://atandra.in/ox5022-01.png,updated-via-renderer,found in metadata; rendering component applies dimensions,dist\measure\oscilloscopes.html|string|w=0|h=0;dist.bak\measure\oscilloscopes.html|string|w=0|h=0
https://atandra.in/ox9102-01.png,updated-via-renderer,found in metadata; rendering component applies dimensions,dist\measure\oscilloscopes.html|string|w=0|h=0;dist.bak\measure\oscilloscopes.html|string|w=0|h=0
https://atandra.in/Oscilloscope-groupimage.png,updated-via-renderer,found in metadata; rendering component applies dimensions,dist\measure\oscilloscopes.html|string|w=0|h=0
https://atandra.in/Multy4-02.JPG,not-found,,
https://atandra.in/ca6522_01-01.png,updated-via-renderer,found in metadata; rendering component applies dimensions,dist\measure\insulation-testers\product\ca6522-ca6528.html|string|w=0|h=0;dist.bak\measure\insulation-testers\product\ca6522-ca6528.html|string|w=0|h=0
https://atandra.in/Multy4-01.JPG,updated-via-renderer,found in metadata; rendering component applies dimensions,dist\measure\multi-functional-meters\product\multy4.html|string|w=0|h=0;dist.bak\measure\multi-functional-meters\product\multy4.html|string|w=0|h=0
https://atandra.in/insulation%20testers/CA%206505.png,not-found,,
https://atandra.in/Insulation-tester-groupimage-01.png,updated-inline,inline <img> with width & height,dist\assets\index-D9pgDQwX.js|string|w=0|h=0;dist\measure\insulation-testers.html|string|w=0|h=0;dist\ssr\entry-server.js|string|w=0|h=0;dist.bak\assets\index-D8C91Piw.js|string|w=0|h=0;dist.bak\measure\insulation-testers.html|string|w=0|h=0;dist.bak\ssr\entry-server.js|string|w=0|h=0;src\pages\measure\InsulationTesters.tsx|img-tag|w=1|h=1
https://atandra.in/DiGi820-01-01.png,updated-via-renderer,found in metadata; rendering component applies dimensions,dist\measure\multi-functional-meters\product\digi820.html|string|w=0|h=0;dist.bak\measure\multi-functional-meters\product\digi820.html|string|w=0|h=0
https://atandra.in/clammeter/f406_2-01.png,not-found,,
https://atandra.in/clammeter/F606.png,not-found,,
https://atandra.in/clammeter/f606_1-01.png,not-found,,
https://atandra.in/DiGi820-02-01.png,not-found,,
https://atandra.in/isolation_transformers/X2_-_3-removebg-preview.png,updated-via-renderer,found in metadata; rendering component applies dimensions,dist\protect\isolation-transformers.html|string|w=0|h=0;dist.bak\protect\isolation-transformers.html|string|w=0|h=0
https://atandra.in/isolation_transformers/X3_-__2-removebg-preview.png,updated-via-renderer,found in metadata; rendering component applies dimensions,dist\protect\isolation-transformers.html|string|w=0|h=0;dist.bak\protect\isolation-transformers.html|string|w=0|h=0
https://atandra.in/isolation_transformers/X1_-_1-removebg-preview.png,updated-via-renderer,found in metadata; rendering component applies dimensions,dist\assets\index-D9pgDQwX.js|string|w=0|h=0;dist\protect\isolation-transformers.html|string|w=0|h=0;dist\protect\isolation-transformers\product\auto-isolation-transformer.html|string|w=0|h=0;dist\ssr\entry-server.js|string|w=0|h=0;dist.bak\assets\index-D8C91Piw.js|string|w=0|h=0;dist.bak\protect\isolation-transformers.html|string|w=0|h=0;dist.bak\ssr\entry-server.js|string|w=0|h=0;src\pages\protect\productpages\isolationtransformersproduct.tsx|string|w=0|h=0
https://atandra.in/TCP-360-inside-01-01.png,not-found,,
https://atandra.in/isolation_transformers/isolation_trasformers.png,not-found,,
https://atandra.in/TCS240-inside-01-01.png,not-found,,
https://atandra.in/TCS240-overview-01-01.png,not-found,,
https://atandra.in/TC-7460-inside-02-01-01.png,not-found,,
https://atandra.in/TCP-360-overview-01-01.png,not-found,,
https://atandra.in/TC-7460-overview-01-01.png,not-found,,
https://atandra.in/insulation%20testers/CA%206555-3.png,not-found,,
https://atandra.in/insulation%20testers/CA%206555-2.png,not-found,,
https://atandra.in/TC-742k-inside-01-01-01.png,not-found,,
https://atandra.in/insulation%20testers/CA%206555.png,not-found,,
https://atandra.in/insulation%20testers/CA%206550.png,not-found,,
https://atandra.in/Certificates/EPR%20Certificate%20-%20E%20Waste.png,not-found,,
https://atandra.in/Certificates/CE%20Certificate_Atandra%20Energy.png,not-found,,
https://atandra.in/Certificates/ISO%20Certificate%2045001-2018%20.png,not-found,,
https://atandra.in/earth%20testers/CA%206462.png,not-found,,
https://atandra.in/Certificates/BIS%20Certificate.png,not-found,,
https://atandra.in/Certificates/ISO%20Certificate%209001-2015.png,not-found,,
https://atandra.in/Certificates/ISO%20Certificate%2014001-2015%20.png,not-found,,
https://atandra.in/ca6526-01-01.png,not-found,,
https://atandra.in/ca6524-01-01.png,updated-via-renderer,found in metadata; rendering component applies dimensions,dist\measure\insulation-testers\product\ca6524-ca6526.html|string|w=0|h=0;dist.bak\measure\insulation-testers\product\ca6524-ca6526.html|string|w=0|h=0
https://atandra.in/clammeter/F407.png,updated-via-renderer,found in metadata; rendering component applies dimensions,dist\measure\clamp-meters\product\f407-f607.html|string|w=0|h=0
https://atandra.in/clamp-meter-group.jpg,updated-inline,inline <img> with width & height,dist\assets\index-D9pgDQwX.js|string|w=0|h=0;dist\measure\clamp-meters.html|string|w=0|h=0;dist\ssr\entry-server.js|string|w=0|h=0;dist.bak\assets\index-D8C91Piw.js|string|w=0|h=0;dist.bak\measure\clamp-meters.html|string|w=0|h=0;dist.bak\ssr\entry-server.js|string|w=0|h=0;src\pages\measure\clampmeters.tsx|img-tag|w=1|h=1
https://atandra.in/clammeter/F406.png,updated-via-renderer,found in metadata; rendering component applies dimensions,dist\measure\clamp-meters\product\f406-f606.html|string|w=0|h=0
https://atandra.in/insulation%20testers/CA%206549.png,not-found,,
https://atandra.in/clammeter/F205.png,updated-via-renderer,found in metadata; rendering component applies dimensions,dist\measure\clamp-meters\product\f205-f404-f604.html|string|w=0|h=0
https://atandra.in/insulation%20testers/CA%206547.png,not-found,,
https://atandra.in/Ohm%20meters/CA%206292.png,not-found,,
https://atandra.in/Ohm%20meters/CA%206255.png,not-found,,
https://atandra.in/TC-812k-overview-01-01.png,updated-via-renderer,found in metadata; rendering component applies dimensions,dist\measure\thermal-imagers.html|string|w=0|h=0;dist\measure\thermal-imagers\product\tcc-812k.html|string|w=0|h=0;dist.bak\measure\thermal-imagers.html|string|w=0|h=0;dist.bak\measure\thermal-imagers\product\tcc-812k.html|string|w=0|h=0
https://atandra.in/Micro-Meter-family.png,updated-inline,inline <img> with width & height,dist\assets\index-D9pgDQwX.js|string|w=0|h=0;dist\measure\micro-ohmmeters.html|string|w=0|h=0;dist\ssr\entry-server.js|string|w=0|h=0;dist.bak\assets\index-D8C91Piw.js|string|w=0|h=0;dist.bak\measure\micro-ohmmeters.html|string|w=0|h=0;dist.bak\ssr\entry-server.js|string|w=0|h=0;src\pages\measure\MicroOhmmeters.tsx|img-tag|w=1|h=1
https://atandra.in/Ohm%20meters/CA%206240.png,not-found,,
https://atandra.in/TC-812k-inside-01-01.png,not-found,,
https://atandra.in/installation%20testers/CA%206117.png,not-found,,
https://atandra.in/installation%20testers/hero_image.png,not-found,,
https://atandra.in/TC2250-inside-01-01.png,not-found,,
https://atandra.in/TC-2250-01.png,updated-via-renderer,found in metadata; rendering component applies dimensions,dist\measure\thermal-imagers.html|string|w=0|h=0;dist\measure\thermal-imagers\product\tc-2250.html|string|w=0|h=0;dist.bak\measure\thermal-imagers.html|string|w=0|h=0;dist.bak\measure\thermal-imagers\product\tc-2250.html|string|w=0|h=0
https://atandra.in/TC-4660-overview-01-01.png,not-found,,
https://atandra.in/TC-4660-inside-02-01-01.png,not-found,,
https://atandra.in/ca6532-01-01.png,updated-via-renderer,found in metadata; rendering component applies dimensions,dist\measure\insulation-testers\product\ca6532-ca6534-ca6536.html|string|w=0|h=0;dist.bak\measure\insulation-testers\product\ca6532-ca6534-ca6536.html|string|w=0|h=0
https://atandra.in/ca6536-01-01.png,not-found,,
https://atandra.in/ca6534-01-01.png,not-found,,
https://atandra.in/earth%20testers/CA%206470N.png,not-found,,
https://atandra.in/earth_tester-01.png,updated-inline,inline <img> with width & height,dist\assets\index-D9pgDQwX.js|string|w=0|h=0;dist\measure\earth-testers.html|string|w=0|h=0;dist\ssr\entry-server.js|string|w=0|h=0;dist.bak\assets\index-D8C91Piw.js|string|w=0|h=0;dist.bak\measure\earth-testers.html|string|w=0|h=0;dist.bak\ssr\entry-server.js|string|w=0|h=0;src\pages\measure\EarthTesters.tsx|img-tag|w=1|h=1
https://atandra.in/earth%20testers/CA%206424.png,not-found,,
https://atandra.in/earth%20testers/CA%206472.png,not-found,,
https://atandra.in/earth%20testers/CA%206460.png,not-found,,
